"Código","Municipio","Total de personas","Lugar de Nacimiento","Personas","Porcentaje de la Poblacion"
101,"Guatemala",923392,"En el mismo municipio",704166,76.26
102,"Santa Catarina Pinula",80582,"En el mismo municipio",48096,59.69
103,"San José Pinula",79844,"En el mismo municipio",47058,58.94
104,"San José del Golfo",7229,"En el mismo municipio",5301,73.33
105,"Palencia",70973,"En el mismo municipio",57425,80.91
106,"Chinautla",114752,"En el mismo municipio",64757,56.43
107,"San Pedro Ayampuc",58609,"En el mismo municipio",38865,66.31
108,"Mixco",465773,"En el mismo municipio",226383,48.6
109,"San Pedro Sacatepéquez",51292,"En el mismo municipio",35604,69.41
110,"San Juan Sacatepéquez",218156,"En el mismo municipio",163185,74.8
111,"San Raymundo",31605,"En el mismo municipio",25862,81.83
112,"Chuarrancho",12638,"En el mismo municipio",10814,85.57
113,"Fraijanes",58922,"En el mismo municipio",31084,52.75
114,"Amatitlán",116711,"En el mismo municipio",82105,70.35
115,"Villa Nueva",433734,"En el mismo municipio",224532,51.77
116,"Villa Canales",155422,"En el mismo municipio",114826,73.88
117,"San Miguel Petapa",135447,"En el mismo municipio",57291,42.3
201,"Guastatoya",24821,"En el mismo municipio",18288,73.68
202,"Morazán",12164,"En el mismo municipio",11147,91.64
203,"San Agustín Acasaguastlán",45765,"En el mismo municipio",38514,84.16
204,"San Cristóbal Acasaguastlán",7199,"En el mismo municipio",5712,79.34
205,"El Jícaro",13128,"En el mismo municipio",10933,83.28
206,"Sansare",13154,"En el mismo municipio",11597,88.16
207,"Sanarate",39444,"En el mismo municipio",32102,81.39
208,"San Antonio la Paz",20957,"En el mismo municipio",15745,75.13
301,"Antigua Guatemala",46054,"En el mismo municipio",37035,80.42
302,"Jocotenango",21657,"En el mismo municipio",6315,29.16
303,"Pastores",17814,"En el mismo municipio",13535,75.98
304,"Sumpango",37260,"En el mismo municipio",30998,83.19
305,"Santo Domingo Xenacoj",12402,"En el mismo municipio",8730,70.39
306,"Santiago Sacatepéquez",29238,"En el mismo municipio",21114,72.21
307,"San Bartolomé Milpas Altas",7816,"En el mismo municipio",2989,38.24
308,"San Lucas Sacatepéquez",23369,"En el mismo municipio",8148,34.87
309,"Santa Lucía Milpas Altas",15570,"En el mismo municipio",5227,33.57
310,"Magdalena Milpas Altas",11856,"En el mismo municipio",10654,89.86
311,"Santa María de Jesús",21938,"En el mismo municipio",14490,66.05
312,"Ciudad Vieja",33405,"En el mismo municipio",22051,66.01
313,"San Miguel Dueñas",12696,"En el mismo municipio",8038,63.31
314,"San Juan Alotenango",23986,"En el mismo municipio",19308,80.5
315,"San Antonio Aguas Calientes",11347,"En el mismo municipio",8469,74.64
316,"Santa Catarina Barahona",4061,"En el mismo municipio",2879,70.89
401,"Chimaltenango",96985,"En el mismo municipio",70138,72.32
402,"San José Poaquil",26845,"En el mismo municipio",25361,94.47
403,"San Martín Jilotepeque",73469,"En el mismo municipio",69756,94.95
404,"San Juan Comalapa",48597,"En el mismo municipio",45952,94.56
405,"Santa Apolonia",18540,"En el mismo municipio",16882,91.06
406,"Tecpán Guatemala",91927,"En el mismo municipio",85179,92.66
407,"Patzún",58240,"En el mismo municipio",54682,93.89
408,"San Miguel Pochuta",8790,"En el mismo municipio",6934,78.89
409,"Patzicía",33207,"En el mismo municipio",29281,88.18
410,"Santa Cruz Balanyá",9479,"En el mismo municipio",8075,85.19
411,"Acatenango",23228,"En el mismo municipio",21027,90.52
412,"San Pedro Yepocapa",34948,"En el mismo municipio",29915,85.6
413,"San Andrés Itzapa",32083,"En el mismo municipio",25578,79.72
414,"Parramos",15924,"En el mismo municipio",10802,67.83
415,"Zaragoza",24022,"En el mismo municipio",19107,79.54
416,"El Tejar",19492,"En el mismo municipio",6345,32.55
501,"Escuintla",156313,"En el mismo municipio",125933,80.56
502,"Santa Lucía Cotzumalguapa",112780,"En el mismo municipio",94943,84.18
503,"La Democracia",23017,"En el mismo municipio",16724,72.66
504,"Siquinalá",22968,"En el mismo municipio",14278,62.16
505,"Masagua",45323,"En el mismo municipio",32517,71.75
506,"Tiquisate",57292,"En el mismo municipio",44758,78.12
507,"La Gomera",46666,"En el mismo municipio",37439,80.23
508,"Guanagazapa",15958,"En el mismo municipio",11000,68.93
509,"San José",62801,"En el mismo municipio",49192,78.33
510,"Iztapa",18342,"En el mismo municipio",13884,75.7
511,"Palín",65873,"En el mismo municipio",25425,38.6
512,"San Vicente Pacaya",16705,"En el mismo municipio",13572,81.25
513,"Nueva Concepción",72909,"En el mismo municipio",59037,80.97
514,"Sipacate",16234,"En el mismo municipio",11030,67.94
601,"Cuilapa",41359,"En el mismo municipio",33716,81.52
602,"Barberena",58276,"En el mismo municipio",43190,74.11
603,"Santa Rosa de Lima",19702,"En el mismo municipio",15309,77.7
604,"Casillas",24956,"En el mismo municipio",22401,89.76
605,"San Rafael las Flores",12641,"En el mismo municipio",9400,74.36
606,"Oratorio",24954,"En el mismo municipio",18326,73.44
607,"San Juan Tecuaco",10122,"En el mismo municipio",8873,87.66
608,"Chiquimulilla",53727,"En el mismo municipio",43464,80.9
609,"Taxisco",29846,"En el mismo municipio",24327,81.51
610,"Santa María Ixhuatán",23801,"En el mismo municipio",21432,90.05
611,"Guazacapán",18855,"En el mismo municipio",16070,85.23
612,"Santa Cruz Naranjo",16385,"En el mismo municipio",13071,79.77
613,"Pueblo Nuevo Viñas",25529,"En el mismo municipio",21222,83.13
614,"Nueva Santa Rosa",36454,"En el mismo municipio",31404,86.15
701,"Sololá",88612,"En el mismo municipio",84536,95.4
702,"San José Chacayá",4068,"En el mismo municipio",3293,80.95
703,"Santa María Visitación",2370,"En el mismo municipio",1798,75.86
704,"Santa Lucía Utatlán",21284,"En el mismo municipio",19615,92.16
705,"Nahualá",75430,"En el mismo municipio",73642,97.63
706,"Santa Catarina Ixtahuacán",56981,"En el mismo municipio",54117,94.97
707,"Santa Clara la Laguna",9405,"En el mismo municipio",8546,90.87
708,"Concepción",6601,"En el mismo municipio",6191,93.79
709,"San Andrés Semetabaj",13142,"En el mismo municipio",11294,85.94
710,"Panajachel",15077,"En el mismo municipio",10937,72.54
711,"Santa Catarina Palopó",3924,"En el mismo municipio",3678,93.73
712,"San Antonio Palopó",14437,"En el mismo municipio",13242,91.72
713,"San Lucas Tolimán",29772,"En el mismo municipio",26362,88.55
714,"Santa Cruz la Laguna",5820,"En el mismo municipio",5711,98.13
715,"San Pablo la Laguna",7299,"En el mismo municipio",7095,97.21
716,"San Marcos la Laguna",2617,"En el mismo municipio",2433,92.97
717,"San Juan la Laguna",12162,"En el mismo municipio",10695,87.94
718,"San Pedro la Laguna",10705,"En el mismo municipio",9592,89.6
719,"Santiago Atitlán",41877,"En el mismo municipio",40165,95.91
801,"Totonicapán",103952,"En el mismo municipio",99314,95.54
802,"San Cristóbal Totonicapán",36119,"En el mismo municipio",31370,86.85
803,"San Francisco el Alto",57894,"En el mismo municipio",52498,90.68
804,"San Andrés Xecul",26984,"En el mismo municipio",25547,94.67
805,"Momostenango",105617,"En el mismo municipio",100347,95.01
806,"Santa María Chiquimula",55013,"En el mismo municipio",52393,95.24
807,"Santa Lucía la Reforma",22378,"En el mismo municipio",21585,96.46
808,"San Bartolo Aguas Calientes",10612,"En el mismo municipio",9457,89.12
901,"Quetzaltenango",180706,"En el mismo municipio",134473,74.42
902,"Salcajá",19434,"En el mismo municipio",15594,80.24
903,"San Juan Olintepeque",35060,"En el mismo municipio",24806,70.75
904,"San Carlos Sija",30224,"En el mismo municipio",27441,90.79
905,"Sibilia",8407,"En el mismo municipio",7459,88.72
906,"Cabricán",23033,"En el mismo municipio",22386,97.19
907,"Cajolá",14948,"En el mismo municipio",14516,97.11
908,"San Miguel Siguilá",7889,"En el mismo municipio",7246,91.85
909,"San Juan Ostuncalco",51828,"En el mismo municipio",47397,91.45
910,"San Mateo",7895,"En el mismo municipio",3682,46.64
911,"Concepción Chiquirichapa",17342,"En el mismo municipio",16774,96.72
912,"San Martín Sacatepéquez",29373,"En el mismo municipio",26333,89.65
913,"Almolonga",15724,"En el mismo municipio",15070,95.84
914,"Cantel",42142,"En el mismo municipio",35936,85.27
915,"Huitán",13450,"En el mismo municipio",12606,93.72
916,"Zunil",14118,"En el mismo municipio",12765,90.42
917,"Colomba Costa Cuca",47544,"En el mismo municipio",41873,88.07
918,"San Francisco la Unión",7939,"En el mismo municipio",7467,94.05
919,"El Palmar",29132,"En el mismo municipio",26297,90.27
920,"Coatepeque",105415,"En el mismo municipio",88348,83.81
921,"Génova",37497,"En el mismo municipio",34491,91.98
922,"Flores Costa Cuca",21630,"En el mismo municipio",18327,84.73
923,"La Esperanza",22166,"En el mismo municipio",14873,67.1
924,"Palestina de los Altos",16205,"En el mismo municipio",15451,95.35
1001,"Mazatenango",77431,"En el mismo municipio",62357,80.53
1002,"Cuyotenango",33436,"En el mismo municipio",24957,74.64
1003,"San Francisco Zapotitlán",22533,"En el mismo municipio",14923,66.23
1004,"San Bernardino",15849,"En el mismo municipio",12196,76.95
1005,"San José el Ídolo",10212,"En el mismo municipio",8465,82.89
1006,"Santo Domingo Suchitepéquez",42291,"En el mismo municipio",34621,81.86
1007,"San Lorenzo",13282,"En el mismo municipio",11996,90.32
1008,"Samayac",24790,"En el mismo municipio",17705,71.42
1009,"San Pablo Jocopilas",20433,"En el mismo municipio",17531,85.8
1010,"San Antonio Suchitepéquez",59184,"En el mismo municipio",52930,89.43
1011,"San Miguel Panán",10320,"En el mismo municipio",8308,80.5
1012,"San Gabriel",7383,"En el mismo municipio",4249,57.55
1013,"Chicacao",60735,"En el mismo municipio",56788,93.5
1014,"Patulul",40683,"En el mismo municipio",28881,70.99
1015,"Santa Bárbara",26346,"En el mismo municipio",22768,86.42
1016,"San Juan Bautista",7826,"En el mismo municipio",3773,48.21
1017,"Santo Tomas la Unión",11698,"En el mismo municipio",10131,86.6
1018,"Zunilito",8280,"En el mismo municipio",5387,65.06
1019,"Pueblo Nuevo",11315,"En el mismo municipio",8195,72.43
1020,"Río Bravo",27606,"En el mismo municipio",17846,64.65
1021,"San José La Máquina",23062,"En el mismo municipio",17938,77.78
1101,"Retalhuleu",90505,"En el mismo municipio",78119,86.31
1102,"San Sebastián",29167,"En el mismo municipio",25644,87.92
1103,"Santa Cruz Muluá",13545,"En el mismo municipio",10087,74.47
1104,"San Martín Zapotitlán",12083,"En el mismo municipio",7632,63.16
1105,"San Felipe",24446,"En el mismo municipio",19920,81.49
1106,"San Andrés Villa Seca",47820,"En el mismo municipio",37654,78.74
1107,"Champerico",32815,"En el mismo municipio",22349,68.11
1108,"Nuevo San Carlos",39565,"En el mismo municipio",35012,88.49
1109,"El Asintal",36882,"En el mismo municipio",31656,85.83
1201,"San Marcos",47063,"En el mismo municipio",37574,79.84
1202,"San Pedro Sacatepéquez",79158,"En el mismo municipio",68932,87.08
1203,"San Antonio Sacatepéquez",19100,"En el mismo municipio",16937,88.68
1204,"Comitancillo",59489,"En el mismo municipio",57715,97.02
1205,"San Miguel Ixtahuacán",47301,"En el mismo municipio",45618,96.44
1206,"Concepción Tutuapa",68148,"En el mismo municipio",65282,95.79
1207,"Tacaná",75788,"En el mismo municipio",73860,97.46
1208,"Sibinal",15733,"En el mismo municipio",14851,94.39
1209,"Tajumulco",50907,"En el mismo municipio",48911,96.08
1210,"Tejutla",38669,"En el mismo municipio",33793,87.39
1211,"San Rafael Pie de la Cuesta",17139,"En el mismo municipio",14882,86.83
1212,"Nuevo Progreso",30067,"En el mismo municipio",26488,88.1
1213,"El Tumbador",44395,"En el mismo municipio",39870,89.81
1214,"San José el Rodeo",17881,"En el mismo municipio",14994,83.85
1215,"Malacatán",92816,"En el mismo municipio",87106,93.85
1216,"Catarina",30014,"En el mismo municipio",25702,85.63
1217,"Ayutla",37049,"En el mismo municipio",28396,76.64
1218,"Ocós",10841,"En el mismo municipio",9037,83.36
1219,"San Pablo",48937,"En el mismo municipio",42611,87.07
1220,"El Quetzal",23511,"En el mismo municipio",20672,87.92
1221,"La Reforma",17918,"En el mismo municipio",16349,91.24
1222,"Pajapita",21725,"En el mismo municipio",15696,72.25
1223,"Ixchiguán",22375,"En el mismo municipio",20581,91.98
1224,"San José Ojetenam",19009,"En el mismo municipio",18166,95.57
1225,"San Cristóbal Cucho",16619,"En el mismo municipio",15965,96.06
1226,"Sipacapa",20178,"En el mismo municipio",18587,92.12
1227,"Esquipulas Palo Gordo",12892,"En el mismo municipio",10914,84.66
1228,"Río Blanco",5318,"En el mismo municipio",4910,92.33
1229,"San Lorenzo",13125,"En el mismo municipio",11559,88.07
1230,"La Blanca",29112,"En el mismo municipio",22041,75.71
1301,"Huehuetenango",117818,"En el mismo municipio",92316,78.35
1302,"Chiantla",87447,"En el mismo municipio",81473,93.17
1303,"Malacatancito",19155,"En el mismo municipio",15967,83.36
1304,"Cuilco",60395,"En el mismo municipio",54374,90.03
1305,"Nentón",45679,"En el mismo municipio",38328,83.91
1306,"San Pedro Necta",38510,"En el mismo municipio",36694,95.28
1307,"Jacaltenango",37171,"En el mismo municipio",34639,93.19
1308,"San Pedro Soloma",49030,"En el mismo municipio",46581,95.01
1309,"San Ildefonso Ixtahuacán",44424,"En el mismo municipio",42699,96.12
1310,"Santa Bárbara",33608,"En el mismo municipio",32235,95.91
1311,"La Libertad",38234,"En el mismo municipio",36321,95
1312,"La Democracia",55434,"En el mismo municipio",45163,81.47
1313,"San Miguel Acatán",27128,"En el mismo municipio",25812,95.15
1314,"San Rafael La Independencia",14149,"En el mismo municipio",13015,91.99
1315,"Todos Santos Cuchumatán",30186,"En el mismo municipio",28610,94.78
1316,"San Juan Atitán",19418,"En el mismo municipio",19143,98.58
1317,"Santa Eulalia",39025,"En el mismo municipio",37301,95.58
1318,"San Mateo Ixtatán",43810,"En el mismo municipio",43131,98.45
1319,"Colotenango",34834,"En el mismo municipio",33378,95.82
1320,"San Sebastián Huehuetenango",32608,"En el mismo municipio",31592,96.88
1321,"Tectitán",10830,"En el mismo municipio",10119,93.43
1322,"Concepción Huista",18915,"En el mismo municipio",18047,95.41
1323,"San Juan Ixcoy",23204,"En el mismo municipio",21822,94.04
1324,"San Antonio Huista",16697,"En el mismo municipio",13674,81.89
1325,"San Sebastián Coatán",20905,"En el mismo municipio",19817,94.8
1326,"Santa Cruz Barillas",100849,"En el mismo municipio",92827,92.05
1327,"Aguacatán",49607,"En el mismo municipio",47635,96.02
1328,"San Rafael Petzal",11271,"En el mismo municipio",10249,90.93
1329,"San Gaspar Ixchil",8142,"En el mismo municipio",7839,96.28
1330,"Santiago Chimaltenango",10507,"En el mismo municipio",10090,96.03
1331,"Santa Ana Huista",9413,"En el mismo municipio",7494,79.61
1332,"Unión Cantinil",15900,"En el mismo municipio",14792,93.03
1333,"Petatán",6366,"En el mismo municipio",5666,89
1401,"Santa Cruz del Quiché",78279,"En el mismo municipio",70205,89.69
1402,"Chiché",29646,"En el mismo municipio",27858,93.97
1403,"Chinique",11382,"En el mismo municipio",10327,90.73
1404,"Zacualpa",32750,"En el mismo municipio",30271,92.43
1405,"Chajul",46658,"En el mismo municipio",45657,97.85
1406,"Santo Tomás Chichicastenango",141567,"En el mismo municipio",137017,96.79
1407,"Patzité",6144,"En el mismo municipio",5354,87.14
1408,"San Antonio Ilotenango",25590,"En el mismo municipio",24403,95.36
1409,"San Pedro Jocopilas",31950,"En el mismo municipio",29992,93.87
1410,"Cunén",41455,"En el mismo municipio",40036,96.58
1411,"San Juan Cotzal",31532,"En el mismo municipio",30539,96.85
1412,"Joyabaj",82369,"En el mismo municipio",79129,96.07
1413,"Santa María Nebaj",72686,"En el mismo municipio",69828,96.07
1414,"San Andrés Sajcabajá",24981,"En el mismo municipio",23628,94.58
1415,"San Miguel Uspantán",65872,"En el mismo municipio",62155,94.36
1416,"Sacapulas",52620,"En el mismo municipio",50665,96.28
1417,"San Bartolomé Jocotenango",13568,"En el mismo municipio",12967,95.57
1418,"Canillá",12172,"En el mismo municipio",10394,85.39
1419,"Chicamán",39731,"En el mismo municipio",35623,89.66
1420,"Playa Grande Ixcán",99470,"En el mismo municipio",71940,72.32
1421,"Pachalum",8839,"En el mismo municipio",5704,64.53
1501,"Salamá",65275,"En el mismo municipio",54622,83.68
1502,"San Miguel Chicaj",33121,"En el mismo municipio",31061,93.78
1503,"Rabinal",40797,"En el mismo municipio",37548,92.04
1504,"Cubulco",54869,"En el mismo municipio",52435,95.56
1505,"Granados",13595,"En el mismo municipio",11762,86.52
1506,"Santa Cruz El Chol",9538,"En el mismo municipio",8202,85.99
1507,"San Jerónimo",25459,"En el mismo municipio",18957,74.46
1508,"Purulhá",56822,"En el mismo municipio",53193,93.61
1601,"Cobán",212421,"En el mismo municipio",177239,83.44
1602,"Santa Cruz Verapaz",32042,"En el mismo municipio",24744,77.22
1603,"San Cristóbal Verapaz",68819,"En el mismo municipio",65007,94.46
1604,"Tactic",38052,"En el mismo municipio",33093,86.97
1605,"Tamahú",19984,"En el mismo municipio",18954,94.85
1606,"San Miguel Tucurú",43473,"En el mismo municipio",41262,94.91
1607,"Panzós",71846,"En el mismo municipio",64855,90.27
1608,"Senahú",91974,"En el mismo municipio",89182,96.96
1609,"San Pedro Carchá",235275,"En el mismo municipio",220720,93.81
1610,"San Juan Chamelco",57456,"En el mismo municipio",51260,89.22
1611,"San Agustín Lanquín",24099,"En el mismo municipio",23295,96.66
1612,"Santa María Cahabón",64911,"En el mismo municipio",62032,95.56
1613,"Chisec",84553,"En el mismo municipio",66142,78.23
1614,"Chahal",26644,"En el mismo municipio",22735,85.33
1615,"Fray Bartolomé de las Casas",66141,"En el mismo municipio",52035,78.67
1616,"Santa Catalina La Tinta",40516,"En el mismo municipio",34806,85.91
1617,"Raxruhá",36832,"En el mismo municipio",27125,73.65
1701,"Flores",38186,"En el mismo municipio",24887,65.17
1702,"San José",6989,"En el mismo municipio",2995,42.85
1703,"San Benito",43841,"En el mismo municipio",30522,69.62
1704,"San Andrés",32878,"En el mismo municipio",17605,53.55
1705,"La Libertad",71939,"En el mismo municipio",50484,70.18
1706,"San Francisco",15371,"En el mismo municipio",8088,52.62
1707,"Santa Ana",21970,"En el mismo municipio",13377,60.89
1708,"Dolores",26920,"En el mismo municipio",16927,62.88
1709,"San Luis",67038,"En el mismo municipio",55510,82.8
1710,"Sayaxché",93414,"En el mismo municipio",63645,68.13
1711,"Melchor de Mencos",28238,"En el mismo municipio",18103,64.11
1712,"Poptún",52282,"En el mismo municipio",35611,68.11
1713,"Las Cruces",32715,"En el mismo municipio",20108,61.46
1714,"El Chal",13819,"En el mismo municipio",7478,54.11
1801,"Puerto Barrios",100593,"En el mismo municipio",77612,77.15
1802,"Livingston",73492,"En el mismo municipio",58123,79.09
1803,"El Estor",73328,"En el mismo municipio",61529,83.91
1804,"Morales",100361,"En el mismo municipio",75872,75.6
1805,"Los Amates",60914,"En el mismo municipio",43994,72.22
1901,"Zacapa",60424,"En el mismo municipio",47929,79.32
1902,"Estanzuela",9797,"En el mismo municipio",8037,82.04
1903,"Río Hondo",21434,"En el mismo municipio",18159,84.72
1904,"Gualán",45663,"En el mismo municipio",39815,87.19
1905,"Teculután",17602,"En el mismo municipio",14732,83.7
1906,"Usumatlán",12232,"En el mismo municipio",8879,72.59
1907,"Cabañas",13641,"En el mismo municipio",11612,85.13
1908,"San Diego",7235,"En el mismo municipio",5316,73.48
1909,"La Unión",33572,"En el mismo municipio",31598,94.12
1910,"Huité",11470,"En el mismo municipio",9923,86.51
1911,"San Jorge",12304,"En el mismo municipio",10627,86.37
2001,"Chiquimula",111505,"En el mismo municipio",97843,87.75
2002,"San José la Arada",8756,"En el mismo municipio",6493,74.15
2003,"San Juan Ermita",16418,"En el mismo municipio",14485,88.23
2004,"Jocotán",66379,"En el mismo municipio",63214,95.23
2005,"Camotán",56138,"En el mismo municipio",52430,93.39
2006,"Olopa",27511,"En el mismo municipio",25437,92.46
2007,"Esquipulas",53556,"En el mismo municipio",43382,81
2008,"Concepción las Minas",11693,"En el mismo municipio",9831,84.08
2009,"Quezaltepeque",28075,"En el mismo municipio",25211,89.8
2010,"San Jacinto",12619,"En el mismo municipio",11550,91.53
2011,"Ipala",22413,"En el mismo municipio",18363,81.93
2101,"Jalapa",159840,"En el mismo municipio",144832,90.61
2102,"San Pedro Pinula",61908,"En el mismo municipio",58297,94.17
2103,"San Luis Jilotepeque",24679,"En el mismo municipio",21781,88.26
2104,"San Manuel Chaparrón",8317,"En el mismo municipio",6547,78.72
2105,"San Carlos Alzatate",18977,"En el mismo municipio",17832,93.97
2106,"Monjas",27354,"En el mismo municipio",20845,76.2
2107,"Mataquescuintla",41848,"En el mismo municipio",38307,91.54
2201,"Jutiapa",145880,"En el mismo municipio",132942,91.13
2202,"El Progreso",22114,"En el mismo municipio",17327,78.35
2203,"Santa Catarina Mita",28983,"En el mismo municipio",24437,84.31
2204,"Agua Blanca",16353,"En el mismo municipio",13930,85.18
2205,"Asunción Mita",48297,"En el mismo municipio",39428,81.64
2206,"Yupiltepeque",17389,"En el mismo municipio",15206,87.45
2207,"Atescatempa",18402,"En el mismo municipio",16118,87.59
2208,"Jerez",6309,"En el mismo municipio",5025,79.65
2209,"El Adelanto",6500,"En el mismo municipio",5665,87.15
2210,"Zapotitlán",9126,"En el mismo municipio",7936,86.96
2211,"Comapa",32207,"En el mismo municipio",28878,89.66
2212,"Jalpatagua",28832,"En el mismo municipio",23617,81.91
2213,"Conguaco",23452,"En el mismo municipio",22348,95.29
2214,"Moyuta",39781,"En el mismo municipio",36354,91.39
2215,"Pasaco",8854,"En el mismo municipio",7055,79.68
2216,"San José Acatempa",13206,"En el mismo municipio",12259,92.83
2217,"Quesada",22710,"En el mismo municipio",19706,86.77
101,"Guatemala",923392,"En otro municipio",190190,20.6
102,"Santa Catarina Pinula",80582,"En otro municipio",29124,36.14
103,"San José Pinula",79844,"En otro municipio",30539,38.25
104,"San José del Golfo",7229,"En otro municipio",1782,24.65
105,"Palencia",70973,"En otro municipio",12415,17.49
106,"Chinautla",114752,"En otro municipio",47671,41.54
107,"San Pedro Ayampuc",58609,"En otro municipio",18491,31.55
108,"Mixco",465773,"En otro municipio",224773,48.26
109,"San Pedro Sacatepéquez",51292,"En otro municipio",15126,29.49
110,"San Juan Sacatepéquez",218156,"En otro municipio",48279,22.13
111,"San Raymundo",31605,"En otro municipio",5328,16.86
112,"Chuarrancho",12638,"En otro municipio",1683,13.32
113,"Fraijanes",58922,"En otro municipio",25268,42.88
114,"Amatitlán",116711,"En otro municipio",32066,27.47
115,"Villa Nueva",433734,"En otro municipio",195749,45.13
116,"Villa Canales",155422,"En otro municipio",36721,23.63
117,"San Miguel Petapa",135447,"En otro municipio",73698,54.41
201,"Guastatoya",24821,"En otro municipio",5410,21.8
202,"Morazán",12164,"En otro municipio",736,6.05
203,"San Agustín Acasaguastlán",45765,"En otro municipio",5579,12.19
204,"San Cristóbal Acasaguastlán",7199,"En otro municipio",1193,16.57
205,"El Jícaro",13128,"En otro municipio",1771,13.49
206,"Sansare",13154,"En otro municipio",1310,9.96
207,"Sanarate",39444,"En otro municipio",5731,14.53
208,"San Antonio la Paz",20957,"En otro municipio",4646,22.17
301,"Antigua Guatemala",46054,"En otro municipio",7246,15.73
302,"Jocotenango",21657,"En otro municipio",14848,68.56
303,"Pastores",17814,"En otro municipio",3900,21.89
304,"Sumpango",37260,"En otro municipio",4718,12.66
305,"Santo Domingo Xenacoj",12402,"En otro municipio",3461,27.91
306,"Santiago Sacatepéquez",29238,"En otro municipio",7552,25.83
307,"San Bartolomé Milpas Altas",7816,"En otro municipio",4717,60.35
308,"San Lucas Sacatepéquez",23369,"En otro municipio",14397,61.61
309,"Santa Lucía Milpas Altas",15570,"En otro municipio",9853,63.28
310,"Magdalena Milpas Altas",11856,"En otro municipio",1036,8.74
311,"Santa María de Jesús",21938,"En otro municipio",7239,33
312,"Ciudad Vieja",33405,"En otro municipio",10355,31
313,"San Miguel Dueñas",12696,"En otro municipio",4448,35.03
314,"San Juan Alotenango",23986,"En otro municipio",4231,17.64
315,"San Antonio Aguas Calientes",11347,"En otro municipio",2704,23.83
316,"Santa Catarina Barahona",4061,"En otro municipio",1125,27.7
401,"Chimaltenango",96985,"En otro municipio",24812,25.58
402,"San José Poaquil",26845,"En otro municipio",1342,5
403,"San Martín Jilotepeque",73469,"En otro municipio",2994,4.08
404,"San Juan Comalapa",48597,"En otro municipio",2103,4.33
405,"Santa Apolonia",18540,"En otro municipio",1509,8.14
406,"Tecpán Guatemala",91927,"En otro municipio",5963,6.49
407,"Patzún",58240,"En otro municipio",2872,4.93
408,"San Miguel Pochuta",8790,"En otro municipio",1782,20.27
409,"Patzicía",33207,"En otro municipio",3504,10.55
410,"Santa Cruz Balanyá",9479,"En otro municipio",1329,14.02
411,"Acatenango",23228,"En otro municipio",1894,8.15
412,"San Pedro Yepocapa",34948,"En otro municipio",4512,12.91
413,"San Andrés Itzapa",32083,"En otro municipio",6023,18.77
414,"Parramos",15924,"En otro municipio",4846,30.43
415,"Zaragoza",24022,"En otro municipio",4521,18.82
416,"El Tejar",19492,"En otro municipio",12667,64.99
501,"Escuintla",156313,"En otro municipio",25774,16.49
502,"Santa Lucía Cotzumalguapa",112780,"En otro municipio",14441,12.8
503,"La Democracia",23017,"En otro municipio",5945,25.83
504,"Siquinalá",22968,"En otro municipio",8114,35.33
505,"Masagua",45323,"En otro municipio",11742,25.91
506,"Tiquisate",57292,"En otro municipio",11384,19.87
507,"La Gomera",46666,"En otro municipio",8114,17.39
508,"Guanagazapa",15958,"En otro municipio",4654,29.16
509,"San José",62801,"En otro municipio",11942,19.02
510,"Iztapa",18342,"En otro municipio",4082,22.25
511,"Palín",65873,"En otro municipio",38795,58.89
512,"San Vicente Pacaya",16705,"En otro municipio",2896,17.34
513,"Nueva Concepción",72909,"En otro municipio",12721,17.45
514,"Sipacate",16234,"En otro municipio",4757,29.3
601,"Cuilapa",41359,"En otro municipio",6844,16.55
602,"Barberena",58276,"En otro municipio",13979,23.99
603,"Santa Rosa de Lima",19702,"En otro municipio",4056,20.59
604,"Casillas",24956,"En otro municipio",2285,9.16
605,"San Rafael las Flores",12641,"En otro municipio",3042,24.06
606,"Oratorio",24954,"En otro municipio",6185,24.79
607,"San Juan Tecuaco",10122,"En otro municipio",1154,11.4
608,"Chiquimulilla",53727,"En otro municipio",9244,17.21
609,"Taxisco",29846,"En otro municipio",5005,16.77
610,"Santa María Ixhuatán",23801,"En otro municipio",2120,8.91
611,"Guazacapán",18855,"En otro municipio",2553,13.54
612,"Santa Cruz Naranjo",16385,"En otro municipio",3110,18.98
613,"Pueblo Nuevo Viñas",25529,"En otro municipio",3966,15.54
614,"Nueva Santa Rosa",36454,"En otro municipio",4647,12.75
701,"Sololá",88612,"En otro municipio",2930,3.31
702,"San José Chacayá",4068,"En otro municipio",717,17.63
703,"Santa María Visitación",2370,"En otro municipio",551,23.25
704,"Santa Lucía Utatlán",21284,"En otro municipio",1481,6.96
705,"Nahualá",75430,"En otro municipio",1153,1.53
706,"Santa Catarina Ixtahuacán",56981,"En otro municipio",2036,3.57
707,"Santa Clara la Laguna",9405,"En otro municipio",778,8.27
708,"Concepción",6601,"En otro municipio",318,4.82
709,"San Andrés Semetabaj",13142,"En otro municipio",1660,12.63
710,"Panajachel",15077,"En otro municipio",3779,25.06
711,"Santa Catarina Palopó",3924,"En otro municipio",175,4.46
712,"San Antonio Palopó",14437,"En otro municipio",1047,7.25
713,"San Lucas Tolimán",29772,"En otro municipio",3087,10.37
714,"Santa Cruz la Laguna",5820,"En otro municipio",46,0.79
715,"San Pablo la Laguna",7299,"En otro municipio",128,1.75
716,"San Marcos la Laguna",2617,"En otro municipio",124,4.74
717,"San Juan la Laguna",12162,"En otro municipio",1201,9.88
718,"San Pedro la Laguna",10705,"En otro municipio",948,8.86
719,"Santiago Atitlán",41877,"En otro municipio",1107,2.64
801,"Totonicapán",103952,"En otro municipio",3241,3.12
802,"San Cristóbal Totonicapán",36119,"En otro municipio",2567,7.11
803,"San Francisco el Alto",57894,"En otro municipio",1795,3.1
804,"San Andrés Xecul",26984,"En otro municipio",915,3.39
805,"Momostenango",105617,"En otro municipio",2711,2.57
806,"Santa María Chiquimula",55013,"En otro municipio",1818,3.3
807,"Santa Lucía la Reforma",22378,"En otro municipio",550,2.46
808,"San Bartolo Aguas Calientes",10612,"En otro municipio",952,8.97
901,"Quetzaltenango",180706,"En otro municipio",41351,22.88
902,"Salcajá",19434,"En otro municipio",3548,18.26
903,"San Juan Olintepeque",35060,"En otro municipio",9697,27.66
904,"San Carlos Sija",30224,"En otro municipio",2259,7.47
905,"Sibilia",8407,"En otro municipio",824,9.8
906,"Cabricán",23033,"En otro municipio",338,1.47
907,"Cajolá",14948,"En otro municipio",195,1.3
908,"San Miguel Siguilá",7889,"En otro municipio",581,7.36
909,"San Juan Ostuncalco",51828,"En otro municipio",2590,5
910,"San Mateo",7895,"En otro municipio",4042,51.2
911,"Concepción Chiquirichapa",17342,"En otro municipio",270,1.56
912,"San Martín Sacatepéquez",29373,"En otro municipio",2784,9.48
913,"Almolonga",15724,"En otro municipio",393,2.5
914,"Cantel",42142,"En otro municipio",5675,13.47
915,"Huitán",13450,"En otro municipio",738,5.49
916,"Zunil",14118,"En otro municipio",1216,8.61
917,"Colomba Costa Cuca",47544,"En otro municipio",5002,10.52
918,"San Francisco la Unión",7939,"En otro municipio",408,5.14
919,"El Palmar",29132,"En otro municipio",2420,8.31
920,"Coatepeque",105415,"En otro municipio",14353,13.62
921,"Génova",37497,"En otro municipio",2457,6.55
922,"Flores Costa Cuca",21630,"En otro municipio",2937,13.58
923,"La Esperanza",22166,"En otro municipio",6621,29.87
924,"Palestina de los Altos",16205,"En otro municipio",605,3.73
1001,"Mazatenango",77431,"En otro municipio",13317,17.2
1002,"Cuyotenango",33436,"En otro municipio",8067,24.13
1003,"San Francisco Zapotitlán",22533,"En otro municipio",7334,32.55
1004,"San Bernardino",15849,"En otro municipio",3401,21.46
1005,"San José el Ídolo",10212,"En otro municipio",1532,15
1006,"Santo Domingo Suchitepéquez",42291,"En otro municipio",6860,16.22
1007,"San Lorenzo",13282,"En otro municipio",1201,9.04
1008,"Samayac",24790,"En otro municipio",6668,26.9
1009,"San Pablo Jocopilas",20433,"En otro municipio",2650,12.97
1010,"San Antonio Suchitepéquez",59184,"En otro municipio",5391,9.11
1011,"San Miguel Panán",10320,"En otro municipio",1933,18.73
1012,"San Gabriel",7383,"En otro municipio",2978,40.34
1013,"Chicacao",60735,"En otro municipio",3309,5.45
1014,"Patulul",40683,"En otro municipio",11332,27.85
1015,"Santa Bárbara",26346,"En otro municipio",3279,12.45
1016,"San Juan Bautista",7826,"En otro municipio",3958,50.58
1017,"Santo Tomas la Unión",11698,"En otro municipio",1440,12.31
1018,"Zunilito",8280,"En otro municipio",2835,34.24
1019,"Pueblo Nuevo",11315,"En otro municipio",2969,26.24
1020,"Río Bravo",27606,"En otro municipio",9476,34.33
1021,"San José La Máquina",23062,"En otro municipio",4843,21
1101,"Retalhuleu",90505,"En otro municipio",10957,12.11
1102,"San Sebastián",29167,"En otro municipio",2901,9.95
1103,"Santa Cruz Muluá",13545,"En otro municipio",3195,23.59
1104,"San Martín Zapotitlán",12083,"En otro municipio",4364,36.12
1105,"San Felipe",24446,"En otro municipio",4239,17.34
1106,"San Andrés Villa Seca",47820,"En otro municipio",9403,19.66
1107,"Champerico",32815,"En otro municipio",9897,30.16
1108,"Nuevo San Carlos",39565,"En otro municipio",4123,10.42
1109,"El Asintal",36882,"En otro municipio",4701,12.75
1201,"San Marcos",47063,"En otro municipio",8519,18.1
1202,"San Pedro Sacatepéquez",79158,"En otro municipio",8738,11.04
1203,"San Antonio Sacatepéquez",19100,"En otro municipio",1960,10.26
1204,"Comitancillo",59489,"En otro municipio",882,1.48
1205,"San Miguel Ixtahuacán",47301,"En otro municipio",1126,2.38
1206,"Concepción Tutuapa",68148,"En otro municipio",1359,1.99
1207,"Tacaná",75788,"En otro municipio",607,0.8
1208,"Sibinal",15733,"En otro municipio",607,3.86
1209,"Tajumulco",50907,"En otro municipio",614,1.21
1210,"Tejutla",38669,"En otro municipio",4304,11.13
1211,"San Rafael Pie de la Cuesta",17139,"En otro municipio",2014,11.75
1212,"Nuevo Progreso",30067,"En otro municipio",3118,10.37
1213,"El Tumbador",44395,"En otro municipio",3794,8.55
1214,"San José el Rodeo",17881,"En otro municipio",2594,14.51
1215,"Malacatán",92816,"En otro municipio",3436,3.7
1216,"Catarina",30014,"En otro municipio",3786,12.61
1217,"Ayutla",37049,"En otro municipio",7616,20.56
1218,"Ocós",10841,"En otro municipio",1600,14.76
1219,"San Pablo",48937,"En otro municipio",5609,11.46
1220,"El Quetzal",23511,"En otro municipio",2567,10.92
1221,"La Reforma",17918,"En otro municipio",1446,8.07
1222,"Pajapita",21725,"En otro municipio",5697,26.22
1223,"Ixchiguán",22375,"En otro municipio",1021,4.56
1224,"San José Ojetenam",19009,"En otro municipio",358,1.88
1225,"San Cristóbal Cucho",16619,"En otro municipio",420,2.53
1226,"Sipacapa",20178,"En otro municipio",1283,6.36
1227,"Esquipulas Palo Gordo",12892,"En otro municipio",1829,14.19
1228,"Río Blanco",5318,"En otro municipio",355,6.68
1229,"San Lorenzo",13125,"En otro municipio",1299,9.9
1230,"La Blanca",29112,"En otro municipio",6602,22.68
1301,"Huehuetenango",117818,"En otro municipio",23714,20.13
1302,"Chiantla",87447,"En otro municipio",4730,5.41
1303,"Malacatancito",19155,"En otro municipio",2972,15.52
1304,"Cuilco",60395,"En otro municipio",4854,8.04
1305,"Nentón",45679,"En otro municipio",5857,12.82
1306,"San Pedro Necta",38510,"En otro municipio",1405,3.65
1307,"Jacaltenango",37171,"En otro municipio",1937,5.21
1308,"San Pedro Soloma",49030,"En otro municipio",1462,2.98
1309,"San Ildefonso Ixtahuacán",44424,"En otro municipio",1253,2.82
1310,"Santa Bárbara",33608,"En otro municipio",688,2.05
1311,"La Libertad",38234,"En otro municipio",1049,2.74
1312,"La Democracia",55434,"En otro municipio",8610,15.53
1313,"San Miguel Acatán",27128,"En otro municipio",920,3.39
1314,"San Rafael La Independencia",14149,"En otro municipio",943,6.66
1315,"Todos Santos Cuchumatán",30186,"En otro municipio",1064,3.52
1316,"San Juan Atitán",19418,"En otro municipio",103,0.53
1317,"Santa Eulalia",39025,"En otro municipio",536,1.37
1318,"San Mateo Ixtatán",43810,"En otro municipio",110,0.25
1319,"Colotenango",34834,"En otro municipio",1098,3.15
1320,"San Sebastián Huehuetenango",32608,"En otro municipio",617,1.89
1321,"Tectitán",10830,"En otro municipio",461,4.26
1322,"Concepción Huista",18915,"En otro municipio",642,3.39
1323,"San Juan Ixcoy",23204,"En otro municipio",931,4.01
1324,"San Antonio Huista",16697,"En otro municipio",2751,16.48
1325,"San Sebastián Coatán",20905,"En otro municipio",749,3.58
1326,"Santa Cruz Barillas",100849,"En otro municipio",5891,5.84
1327,"Aguacatán",49607,"En otro municipio",1495,3.01
1328,"San Rafael Petzal",11271,"En otro municipio",855,7.59
1329,"San Gaspar Ixchil",8142,"En otro municipio",205,2.52
1330,"Santiago Chimaltenango",10507,"En otro municipio",285,2.71
1331,"Santa Ana Huista",9413,"En otro municipio",1437,15.27
1332,"Unión Cantinil",15900,"En otro municipio",819,5.15
1333,"Petatán",6366,"En otro municipio",650,10.21
1401,"Santa Cruz del Quiché",78279,"En otro municipio",4798,6.13
1402,"Chiché",29646,"En otro municipio",1532,5.17
1403,"Chinique",11382,"En otro municipio",907,7.97
1404,"Zacualpa",32750,"En otro municipio",1939,5.92
1405,"Chajul",46658,"En otro municipio",541,1.16
1406,"Santo Tomás Chichicastenango",141567,"En otro municipio",2557,1.81
1407,"Patzité",6144,"En otro municipio",657,10.69
1408,"San Antonio Ilotenango",25590,"En otro municipio",908,3.55
1409,"San Pedro Jocopilas",31950,"En otro municipio",987,3.09
1410,"Cunén",41455,"En otro municipio",844,2.04
1411,"San Juan Cotzal",31532,"En otro municipio",687,2.18
1412,"Joyabaj",82369,"En otro municipio",1633,1.98
1413,"Santa María Nebaj",72686,"En otro municipio",1814,2.5
1414,"San Andrés Sajcabajá",24981,"En otro municipio",721,2.89
1415,"San Miguel Uspantán",65872,"En otro municipio",2882,4.38
1416,"Sacapulas",52620,"En otro municipio",1307,2.48
1417,"San Bartolomé Jocotenango",13568,"En otro municipio",488,3.6
1418,"Canillá",12172,"En otro municipio",1394,11.45
1419,"Chicamán",39731,"En otro municipio",3613,9.09
1420,"Playa Grande Ixcán",99470,"En otro municipio",25343,25.48
1421,"Pachalum",8839,"En otro municipio",2977,33.68
1501,"Salamá",65275,"En otro municipio",9665,14.81
1502,"San Miguel Chicaj",33121,"En otro municipio",1738,5.25
1503,"Rabinal",40797,"En otro municipio",2978,7.3
1504,"Cubulco",54869,"En otro municipio",1875,3.42
1505,"Granados",13595,"En otro municipio",1605,11.81
1506,"Santa Cruz El Chol",9538,"En otro municipio",1245,13.05
1507,"San Jerónimo",25459,"En otro municipio",6106,23.98
1508,"Purulhá",56822,"En otro municipio",3050,5.37
1601,"Cobán",212421,"En otro municipio",32280,15.2
1602,"Santa Cruz Verapaz",32042,"En otro municipio",7015,21.89
1603,"San Cristóbal Verapaz",68819,"En otro municipio",3273,4.76
1604,"Tactic",38052,"En otro municipio",4568,12
1605,"Tamahú",19984,"En otro municipio",858,4.29
1606,"San Miguel Tucurú",43473,"En otro municipio",1353,3.11
1607,"Panzós",71846,"En otro municipio",6316,8.79
1608,"Senahú",91974,"En otro municipio",1912,2.08
1609,"San Pedro Carchá",235275,"En otro municipio",12520,5.32
1610,"San Juan Chamelco",57456,"En otro municipio",5558,9.67
1611,"San Agustín Lanquín",24099,"En otro municipio",527,2.19
1612,"Santa María Cahabón",64911,"En otro municipio",1612,2.48
1613,"Chisec",84553,"En otro municipio",17200,20.34
1614,"Chahal",26644,"En otro municipio",3559,13.36
1615,"Fray Bartolomé de las Casas",66141,"En otro municipio",13220,19.99
1616,"Santa Catalina La Tinta",40516,"En otro municipio",5366,13.24
1617,"Raxruhá",36832,"En otro municipio",9266,25.16
1701,"Flores",38186,"En otro municipio",12434,32.56
1702,"San José",6989,"En otro municipio",3906,55.89
1703,"San Benito",43841,"En otro municipio",12111,27.62
1704,"San Andrés",32878,"En otro municipio",14630,44.5
1705,"La Libertad",71939,"En otro municipio",20073,27.9
1706,"San Francisco",15371,"En otro municipio",6882,44.77
1707,"Santa Ana",21970,"En otro municipio",7964,36.25
1708,"Dolores",26920,"En otro municipio",9265,34.42
1709,"San Luis",67038,"En otro municipio",10710,15.98
1710,"Sayaxché",93414,"En otro municipio",28546,30.56
1711,"Melchor de Mencos",28238,"En otro municipio",9340,33.08
1712,"Poptún",52282,"En otro municipio",15766,30.16
1713,"Las Cruces",32715,"En otro municipio",12020,36.74
1714,"El Chal",13819,"En otro municipio",6031,43.64
1801,"Puerto Barrios",100593,"En otro municipio",19315,19.2
1802,"Livingston",73492,"En otro municipio",13880,18.89
1803,"El Estor",73328,"En otro municipio",10974,14.97
1804,"Morales",100361,"En otro municipio",22556,22.47
1805,"Los Amates",60914,"En otro municipio",15464,25.39
1901,"Zacapa",60424,"En otro municipio",10121,16.75
1902,"Estanzuela",9797,"En otro municipio",1414,14.43
1903,"Río Hondo",21434,"En otro municipio",2555,11.92
1904,"Gualán",45663,"En otro municipio",3724,8.16
1905,"Teculután",17602,"En otro municipio",2202,12.51
1906,"Usumatlán",12232,"En otro municipio",2997,24.5
1907,"Cabañas",13641,"En otro municipio",1692,12.4
1908,"San Diego",7235,"En otro municipio",1634,22.58
1909,"La Unión",33572,"En otro municipio",1207,3.6
1910,"Huité",11470,"En otro municipio",1350,11.77
1911,"San Jorge",12304,"En otro municipio",1297,10.54
2001,"Chiquimula",111505,"En otro municipio",10426,9.35
2002,"San José la Arada",8756,"En otro municipio",2062,23.55
2003,"San Juan Ermita",16418,"En otro municipio",1680,10.23
2004,"Jocotán",66379,"En otro municipio",1917,2.89
2005,"Camotán",56138,"En otro municipio",2406,4.29
2006,"Olopa",27511,"En otro municipio",1650,6
2007,"Esquipulas",53556,"En otro municipio",7089,13.24
2008,"Concepción las Minas",11693,"En otro municipio",1218,10.42
2009,"Quezaltepeque",28075,"En otro municipio",2278,8.11
2010,"San Jacinto",12619,"En otro municipio",891,7.06
2011,"Ipala",22413,"En otro municipio",3350,14.95
2101,"Jalapa",159840,"En otro municipio",12713,7.95
2102,"San Pedro Pinula",61908,"En otro municipio",2909,4.7
2103,"San Luis Jilotepeque",24679,"En otro municipio",2596,10.52
2104,"San Manuel Chaparrón",8317,"En otro municipio",1657,19.92
2105,"San Carlos Alzatate",18977,"En otro municipio",970,5.11
2106,"Monjas",27354,"En otro municipio",5924,21.66
2107,"Mataquescuintla",41848,"En otro municipio",3026,7.23
2201,"Jutiapa",145880,"En otro municipio",10070,6.9
2202,"El Progreso",22114,"En otro municipio",4150,18.77
2203,"Santa Catarina Mita",28983,"En otro municipio",3987,13.76
2204,"Agua Blanca",16353,"En otro municipio",2075,12.69
2205,"Asunción Mita",48297,"En otro municipio",7265,15.04
2206,"Yupiltepeque",17389,"En otro municipio",1983,11.4
2207,"Atescatempa",18402,"En otro municipio",1556,8.46
2208,"Jerez",6309,"En otro municipio",949,15.04
2209,"El Adelanto",6500,"En otro municipio",786,12.09
2210,"Zapotitlán",9126,"En otro municipio",1017,11.14
2211,"Comapa",32207,"En otro municipio",2612,8.11
2212,"Jalpatagua",28832,"En otro municipio",4355,15.1
2213,"Conguaco",23452,"En otro municipio",841,3.59
2214,"Moyuta",39781,"En otro municipio",2381,5.99
2215,"Pasaco",8854,"En otro municipio",1620,18.3
2216,"San José Acatempa",13206,"En otro municipio",787,5.96
2217,"Quesada",22710,"En otro municipio",2714,11.95
101,"Guatemala",923392,"En otro paÍs",14735,1.6
102,"Santa Catarina Pinula",80582,"En otro paÍs",1702,2.11
103,"San José Pinula",79844,"En otro paÍs",1055,1.32
104,"San José del Golfo",7229,"En otro paÍs",48,0.66
105,"Palencia",70973,"En otro paÍs",318,0.45
106,"Chinautla",114752,"En otro paÍs",779,0.68
107,"San Pedro Ayampuc",58609,"En otro paÍs",304,0.52
108,"Mixco",465773,"En otro paÍs",6023,1.29
109,"San Pedro Sacatepéquez",51292,"En otro paÍs",116,0.23
110,"San Juan Sacatepéquez",218156,"En otro paÍs",738,0.34
111,"San Raymundo",31605,"En otro paÍs",112,0.35
112,"Chuarrancho",12638,"En otro paÍs",10,0.08
113,"Fraijanes",58922,"En otro paÍs",1623,2.75
114,"Amatitlán",116711,"En otro paÍs",649,0.56
115,"Villa Nueva",433734,"En otro paÍs",3881,0.89
116,"Villa Canales",155422,"En otro paÍs",786,0.51
117,"San Miguel Petapa",135447,"En otro paÍs",1337,0.99
201,"Guastatoya",24821,"En otro paÍs",189,0.76
202,"Morazán",12164,"En otro paÍs",33,0.27
203,"San Agustín Acasaguastlán",45765,"En otro paÍs",101,0.22
204,"San Cristóbal Acasaguastlán",7199,"En otro paÍs",26,0.36
205,"El Jícaro",13128,"En otro paÍs",28,0.21
206,"Sansare",13154,"En otro paÍs",23,0.17
207,"Sanarate",39444,"En otro paÍs",164,0.42
208,"San Antonio la Paz",20957,"En otro paÍs",64,0.31
301,"Antigua Guatemala",46054,"En otro paÍs",681,1.48
302,"Jocotenango",21657,"En otro paÍs",164,0.76
303,"Pastores",17814,"En otro paÍs",62,0.35
304,"Sumpango",37260,"En otro paÍs",66,0.18
305,"Santo Domingo Xenacoj",12402,"En otro paÍs",28,0.23
306,"Santiago Sacatepéquez",29238,"En otro paÍs",121,0.41
307,"San Bartolomé Milpas Altas",7816,"En otro paÍs",71,0.91
308,"San Lucas Sacatepéquez",23369,"En otro paÍs",350,1.5
309,"Santa Lucía Milpas Altas",15570,"En otro paÍs",173,1.11
310,"Magdalena Milpas Altas",11856,"En otro paÍs",17,0.14
311,"Santa María de Jesús",21938,"En otro paÍs",8,0.04
312,"Ciudad Vieja",33405,"En otro paÍs",120,0.36
313,"San Miguel Dueñas",12696,"En otro paÍs",69,0.54
314,"San Juan Alotenango",23986,"En otro paÍs",47,0.2
315,"San Antonio Aguas Calientes",11347,"En otro paÍs",53,0.47
316,"Santa Catarina Barahona",4061,"En otro paÍs",19,0.47
401,"Chimaltenango",96985,"En otro paÍs",461,0.48
402,"San José Poaquil",26845,"En otro paÍs",9,0.03
403,"San Martín Jilotepeque",73469,"En otro paÍs",61,0.08
404,"San Juan Comalapa",48597,"En otro paÍs",31,0.06
405,"Santa Apolonia",18540,"En otro paÍs",4,0.02
406,"Tecpán Guatemala",91927,"En otro paÍs",114,0.12
407,"Patzún",58240,"En otro paÍs",59,0.1
408,"San Miguel Pochuta",8790,"En otro paÍs",9,0.1
409,"Patzicía",33207,"En otro paÍs",42,0.13
410,"Santa Cruz Balanyá",9479,"En otro paÍs",3,0.03
411,"Acatenango",23228,"En otro paÍs",15,0.06
412,"San Pedro Yepocapa",34948,"En otro paÍs",89,0.25
413,"San Andrés Itzapa",32083,"En otro paÍs",84,0.26
414,"Parramos",15924,"En otro paÍs",31,0.19
415,"Zaragoza",24022,"En otro paÍs",91,0.38
416,"El Tejar",19492,"En otro paÍs",125,0.64
501,"Escuintla",156313,"En otro paÍs",1092,0.7
502,"Santa Lucía Cotzumalguapa",112780,"En otro paÍs",362,0.32
503,"La Democracia",23017,"En otro paÍs",100,0.43
504,"Siquinalá",22968,"En otro paÍs",109,0.47
505,"Masagua",45323,"En otro paÍs",141,0.31
506,"Tiquisate",57292,"En otro paÍs",344,0.6
507,"La Gomera",46666,"En otro paÍs",286,0.61
508,"Guanagazapa",15958,"En otro paÍs",120,0.75
509,"San José",62801,"En otro paÍs",547,0.87
510,"Iztapa",18342,"En otro paÍs",172,0.94
511,"Palín",65873,"En otro paÍs",524,0.8
512,"San Vicente Pacaya",16705,"En otro paÍs",61,0.37
513,"Nueva Concepción",72909,"En otro paÍs",413,0.57
514,"Sipacate",16234,"En otro paÍs",180,1.11
601,"Cuilapa",41359,"En otro paÍs",164,0.4
602,"Barberena",58276,"En otro paÍs",375,0.64
603,"Santa Rosa de Lima",19702,"En otro paÍs",118,0.6
604,"Casillas",24956,"En otro paÍs",67,0.27
605,"San Rafael las Flores",12641,"En otro paÍs",75,0.59
606,"Oratorio",24954,"En otro paÍs",266,1.07
607,"San Juan Tecuaco",10122,"En otro paÍs",19,0.19
608,"Chiquimulilla",53727,"En otro paÍs",392,0.73
609,"Taxisco",29846,"En otro paÍs",153,0.51
610,"Santa María Ixhuatán",23801,"En otro paÍs",23,0.1
611,"Guazacapán",18855,"En otro paÍs",74,0.39
612,"Santa Cruz Naranjo",16385,"En otro paÍs",52,0.32
613,"Pueblo Nuevo Viñas",25529,"En otro paÍs",55,0.22
614,"Nueva Santa Rosa",36454,"En otro paÍs",147,0.4
701,"Sololá",88612,"En otro paÍs",49,0.06
702,"San José Chacayá",4068,"En otro paÍs",3,0.07
703,"Santa María Visitación",2370,"En otro paÍs",7,0.3
704,"Santa Lucía Utatlán",21284,"En otro paÍs",20,0.09
705,"Nahualá",75430,"En otro paÍs",11,0.01
706,"Santa Catarina Ixtahuacán",56981,"En otro paÍs",9,0.02
707,"Santa Clara la Laguna",9405,"En otro paÍs",10,0.11
708,"Concepción",6601,"En otro paÍs",8,0.12
709,"San Andrés Semetabaj",13142,"En otro paÍs",36,0.27
710,"Panajachel",15077,"En otro paÍs",245,1.62
711,"Santa Catarina Palopó",3924,"En otro paÍs",8,0.2
712,"San Antonio Palopó",14437,"En otro paÍs",16,0.11
713,"San Lucas Tolimán",29772,"En otro paÍs",40,0.13
714,"Santa Cruz la Laguna",5820,"En otro paÍs",17,0.29
715,"San Pablo la Laguna",7299,"En otro paÍs",7,0.1
716,"San Marcos la Laguna",2617,"En otro paÍs",38,1.45
717,"San Juan la Laguna",12162,"En otro paÍs",6,0.05
718,"San Pedro la Laguna",10705,"En otro paÍs",70,0.65
719,"Santiago Atitlán",41877,"En otro paÍs",52,0.12
801,"Totonicapán",103952,"En otro paÍs",133,0.13
802,"San Cristóbal Totonicapán",36119,"En otro paÍs",51,0.14
803,"San Francisco el Alto",57894,"En otro paÍs",53,0.09
804,"San Andrés Xecul",26984,"En otro paÍs",22,0.08
805,"Momostenango",105617,"En otro paÍs",80,0.08
806,"Santa María Chiquimula",55013,"En otro paÍs",12,0.02
807,"Santa Lucía la Reforma",22378,"En otro paÍs",2,0.01
808,"San Bartolo Aguas Calientes",10612,"En otro paÍs",26,0.25
901,"Quetzaltenango",180706,"En otro paÍs",1489,0.82
902,"Salcajá",19434,"En otro paÍs",101,0.52
903,"San Juan Olintepeque",35060,"En otro paÍs",221,0.63
904,"San Carlos Sija",30224,"En otro paÍs",63,0.21
905,"Sibilia",8407,"En otro paÍs",56,0.67
906,"Cabricán",23033,"En otro paÍs",25,0.11
907,"Cajolá",14948,"En otro paÍs",128,0.86
908,"San Miguel Siguilá",7889,"En otro paÍs",13,0.16
909,"San Juan Ostuncalco",51828,"En otro paÍs",79,0.15
910,"San Mateo",7895,"En otro paÍs",67,0.85
911,"Concepción Chiquirichapa",17342,"En otro paÍs",54,0.31
912,"San Martín Sacatepéquez",29373,"En otro paÍs",52,0.18
913,"Almolonga",15724,"En otro paÍs",17,0.11
914,"Cantel",42142,"En otro paÍs",104,0.25
915,"Huitán",13450,"En otro paÍs",18,0.13
916,"Zunil",14118,"En otro paÍs",13,0.09
917,"Colomba Costa Cuca",47544,"En otro paÍs",74,0.16
918,"San Francisco la Unión",7939,"En otro paÍs",17,0.21
919,"El Palmar",29132,"En otro paÍs",55,0.19
920,"Coatepeque",105415,"En otro paÍs",512,0.49
921,"Génova",37497,"En otro paÍs",87,0.23
922,"Flores Costa Cuca",21630,"En otro paÍs",84,0.39
923,"La Esperanza",22166,"En otro paÍs",190,0.86
924,"Palestina de los Altos",16205,"En otro paÍs",49,0.3
1001,"Mazatenango",77431,"En otro paÍs",436,0.56
1002,"Cuyotenango",33436,"En otro paÍs",97,0.29
1003,"San Francisco Zapotitlán",22533,"En otro paÍs",58,0.26
1004,"San Bernardino",15849,"En otro paÍs",54,0.34
1005,"San José el Ídolo",10212,"En otro paÍs",19,0.19
1006,"Santo Domingo Suchitepéquez",42291,"En otro paÍs",238,0.56
1007,"San Lorenzo",13282,"En otro paÍs",11,0.08
1008,"Samayac",24790,"En otro paÍs",58,0.23
1009,"San Pablo Jocopilas",20433,"En otro paÍs",33,0.16
1010,"San Antonio Suchitepéquez",59184,"En otro paÍs",149,0.25
1011,"San Miguel Panán",10320,"En otro paÍs",6,0.06
1012,"San Gabriel",7383,"En otro paÍs",48,0.65
1013,"Chicacao",60735,"En otro paÍs",29,0.05
1014,"Patulul",40683,"En otro paÍs",108,0.27
1015,"Santa Bárbara",26346,"En otro paÍs",23,0.09
1016,"San Juan Bautista",7826,"En otro paÍs",19,0.24
1017,"Santo Tomas la Unión",11698,"En otro paÍs",32,0.27
1018,"Zunilito",8280,"En otro paÍs",14,0.17
1019,"Pueblo Nuevo",11315,"En otro paÍs",23,0.2
1020,"Río Bravo",27606,"En otro paÍs",56,0.2
1021,"San José La Máquina",23062,"En otro paÍs",130,0.56
1101,"Retalhuleu",90505,"En otro paÍs",353,0.39
1102,"San Sebastián",29167,"En otro paÍs",59,0.2
1103,"Santa Cruz Muluá",13545,"En otro paÍs",36,0.27
1104,"San Martín Zapotitlán",12083,"En otro paÍs",29,0.24
1105,"San Felipe",24446,"En otro paÍs",70,0.29
1106,"San Andrés Villa Seca",47820,"En otro paÍs",139,0.29
1107,"Champerico",32815,"En otro paÍs",108,0.33
1108,"Nuevo San Carlos",39565,"En otro paÍs",83,0.21
1109,"El Asintal",36882,"En otro paÍs",53,0.14
1201,"San Marcos",47063,"En otro paÍs",257,0.55
1202,"San Pedro Sacatepéquez",79158,"En otro paÍs",281,0.35
1203,"San Antonio Sacatepéquez",19100,"En otro paÍs",27,0.14
1204,"Comitancillo",59489,"En otro paÍs",34,0.06
1205,"San Miguel Ixtahuacán",47301,"En otro paÍs",45,0.1
1206,"Concepción Tutuapa",68148,"En otro paÍs",202,0.3
1207,"Tacaná",75788,"En otro paÍs",186,0.25
1208,"Sibinal",15733,"En otro paÍs",102,0.65
1209,"Tajumulco",50907,"En otro paÍs",43,0.08
1210,"Tejutla",38669,"En otro paÍs",62,0.16
1211,"San Rafael Pie de la Cuesta",17139,"En otro paÍs",38,0.22
1212,"Nuevo Progreso",30067,"En otro paÍs",129,0.43
1213,"El Tumbador",44395,"En otro paÍs",68,0.15
1214,"San José el Rodeo",17881,"En otro paÍs",67,0.37
1215,"Malacatán",92816,"En otro paÍs",229,0.25
1216,"Catarina",30014,"En otro paÍs",178,0.59
1217,"Ayutla",37049,"En otro paÍs",545,1.47
1218,"Ocós",10841,"En otro paÍs",80,0.74
1219,"San Pablo",48937,"En otro paÍs",171,0.35
1220,"El Quetzal",23511,"En otro paÍs",55,0.23
1221,"La Reforma",17918,"En otro paÍs",23,0.13
1222,"Pajapita",21725,"En otro paÍs",164,0.75
1223,"Ixchiguán",22375,"En otro paÍs",136,0.61
1224,"San José Ojetenam",19009,"En otro paÍs",74,0.39
1225,"San Cristóbal Cucho",16619,"En otro paÍs",53,0.32
1226,"Sipacapa",20178,"En otro paÍs",26,0.13
1227,"Esquipulas Palo Gordo",12892,"En otro paÍs",25,0.19
1228,"Río Blanco",5318,"En otro paÍs",11,0.21
1229,"San Lorenzo",13125,"En otro paÍs",39,0.3
1230,"La Blanca",29112,"En otro paÍs",211,0.72
1301,"Huehuetenango",117818,"En otro paÍs",680,0.58
1302,"Chiantla",87447,"En otro paÍs",100,0.11
1303,"Malacatancito",19155,"En otro paÍs",31,0.16
1304,"Cuilco",60395,"En otro paÍs",359,0.59
1305,"Nentón",45679,"En otro paÍs",708,1.55
1306,"San Pedro Necta",38510,"En otro paÍs",51,0.13
1307,"Jacaltenango",37171,"En otro paÍs",173,0.47
1308,"San Pedro Soloma",49030,"En otro paÍs",163,0.33
1309,"San Ildefonso Ixtahuacán",44424,"En otro paÍs",67,0.15
1310,"Santa Bárbara",33608,"En otro paÍs",22,0.07
1311,"La Libertad",38234,"En otro paÍs",64,0.17
1312,"La Democracia",55434,"En otro paÍs",463,0.84
1313,"San Miguel Acatán",27128,"En otro paÍs",113,0.42
1314,"San Rafael La Independencia",14149,"En otro paÍs",57,0.4
1315,"Todos Santos Cuchumatán",30186,"En otro paÍs",65,0.22
1316,"San Juan Atitán",19418,"En otro paÍs",2,0.01
1317,"Santa Eulalia",39025,"En otro paÍs",13,0.03
1318,"San Mateo Ixtatán",43810,"En otro paÍs",51,0.12
1319,"Colotenango",34834,"En otro paÍs",44,0.13
1320,"San Sebastián Huehuetenango",32608,"En otro paÍs",11,0.03
1321,"Tectitán",10830,"En otro paÍs",40,0.37
1322,"Concepción Huista",18915,"En otro paÍs",16,0.08
1323,"San Juan Ixcoy",23204,"En otro paÍs",63,0.27
1324,"San Antonio Huista",16697,"En otro paÍs",105,0.63
1325,"San Sebastián Coatán",20905,"En otro paÍs",56,0.27
1326,"Santa Cruz Barillas",100849,"En otro paÍs",648,0.64
1327,"Aguacatán",49607,"En otro paÍs",56,0.11
1328,"San Rafael Petzal",11271,"En otro paÍs",11,0.1
1329,"San Gaspar Ixchil",8142,"En otro paÍs",15,0.18
1330,"Santiago Chimaltenango",10507,"En otro paÍs",3,0.03
1331,"Santa Ana Huista",9413,"En otro paÍs",339,3.6
1332,"Unión Cantinil",15900,"En otro paÍs",25,0.16
1333,"Petatán",6366,"En otro paÍs",13,0.2
1401,"Santa Cruz del Quiché",78279,"En otro paÍs",156,0.2
1402,"Chiché",29646,"En otro paÍs",10,0.03
1403,"Chinique",11382,"En otro paÍs",15,0.13
1404,"Zacualpa",32750,"En otro paÍs",47,0.14
1405,"Chajul",46658,"En otro paÍs",1,0
1406,"Santo Tomás Chichicastenango",141567,"En otro paÍs",61,0.04
1407,"Patzité",6144,"En otro paÍs",5,0.08
1408,"San Antonio Ilotenango",25590,"En otro paÍs",28,0.11
1409,"San Pedro Jocopilas",31950,"En otro paÍs",13,0.04
1410,"Cunén",41455,"En otro paÍs",7,0.02
1411,"San Juan Cotzal",31532,"En otro paÍs",9,0.03
1412,"Joyabaj",82369,"En otro paÍs",147,0.18
1413,"Santa María Nebaj",72686,"En otro paÍs",44,0.06
1414,"San Andrés Sajcabajá",24981,"En otro paÍs",17,0.07
1415,"San Miguel Uspantán",65872,"En otro paÍs",57,0.09
1416,"Sacapulas",52620,"En otro paÍs",18,0.03
1417,"San Bartolomé Jocotenango",13568,"En otro paÍs",3,0.02
1418,"Canillá",12172,"En otro paÍs",25,0.21
1419,"Chicamán",39731,"En otro paÍs",36,0.09
1420,"Playa Grande Ixcán",99470,"En otro paÍs",1484,1.49
1421,"Pachalum",8839,"En otro paÍs",81,0.92
1501,"Salamá",65275,"En otro paÍs",272,0.42
1502,"San Miguel Chicaj",33121,"En otro paÍs",33,0.1
1503,"Rabinal",40797,"En otro paÍs",33,0.08
1504,"Cubulco",54869,"En otro paÍs",66,0.12
1505,"Granados",13595,"En otro paÍs",31,0.23
1506,"Santa Cruz El Chol",9538,"En otro paÍs",25,0.26
1507,"San Jerónimo",25459,"En otro paÍs",102,0.4
1508,"Purulhá",56822,"En otro paÍs",17,0.03
1601,"Cobán",212421,"En otro paÍs",645,0.3
1602,"Santa Cruz Verapaz",32042,"En otro paÍs",63,0.2
1603,"San Cristóbal Verapaz",68819,"En otro paÍs",42,0.06
1604,"Tactic",38052,"En otro paÍs",73,0.19
1605,"Tamahú",19984,"En otro paÍs",9,0.05
1606,"San Miguel Tucurú",43473,"En otro paÍs",12,0.03
1607,"Panzós",71846,"En otro paÍs",8,0.01
1608,"Senahú",91974,"En otro paÍs",56,0.06
1609,"San Pedro Carchá",235275,"En otro paÍs",70,0.03
1610,"San Juan Chamelco",57456,"En otro paÍs",49,0.09
1611,"San Agustín Lanquín",24099,"En otro paÍs",5,0.02
1612,"Santa María Cahabón",64911,"En otro paÍs",110,0.17
1613,"Chisec",84553,"En otro paÍs",181,0.21
1614,"Chahal",26644,"En otro paÍs",30,0.11
1615,"Fray Bartolomé de las Casas",66141,"En otro paÍs",374,0.57
1616,"Santa Catalina La Tinta",40516,"En otro paÍs",29,0.07
1617,"Raxruhá",36832,"En otro paÍs",33,0.09
1701,"Flores",38186,"En otro paÍs",327,0.86
1702,"San José",6989,"En otro paÍs",49,0.7
1703,"San Benito",43841,"En otro paÍs",277,0.63
1704,"San Andrés",32878,"En otro paÍs",296,0.9
1705,"La Libertad",71939,"En otro paÍs",469,0.65
1706,"San Francisco",15371,"En otro paÍs",269,1.75
1707,"Santa Ana",21970,"En otro paÍs",132,0.6
1708,"Dolores",26920,"En otro paÍs",206,0.77
1709,"San Luis",67038,"En otro paÍs",150,0.22
1710,"Sayaxché",93414,"En otro paÍs",391,0.42
1711,"Melchor de Mencos",28238,"En otro paÍs",467,1.65
1712,"Poptún",52282,"En otro paÍs",344,0.66
1713,"Las Cruces",32715,"En otro paÍs",344,1.05
1714,"El Chal",13819,"En otro paÍs",128,0.93
1801,"Puerto Barrios",100593,"En otro paÍs",1606,1.6
1802,"Livingston",73492,"En otro paÍs",414,0.56
1803,"El Estor",73328,"En otro paÍs",185,0.25
1804,"Morales",100361,"En otro paÍs",879,0.88
1805,"Los Amates",60914,"En otro paÍs",452,0.74
1901,"Zacapa",60424,"En otro paÍs",496,0.82
1902,"Estanzuela",9797,"En otro paÍs",47,0.48
1903,"Río Hondo",21434,"En otro paÍs",88,0.41
1904,"Gualán",45663,"En otro paÍs",133,0.29
1905,"Teculután",17602,"En otro paÍs",49,0.28
1906,"Usumatlán",12232,"En otro paÍs",54,0.44
1907,"Cabañas",13641,"En otro paÍs",45,0.33
1908,"San Diego",7235,"En otro paÍs",25,0.35
1909,"La Unión",33572,"En otro paÍs",42,0.13
1910,"Huité",11470,"En otro paÍs",10,0.09
1911,"San Jorge",12304,"En otro paÍs",69,0.56
2001,"Chiquimula",111505,"En otro paÍs",564,0.51
2002,"San José la Arada",8756,"En otro paÍs",50,0.57
2003,"San Juan Ermita",16418,"En otro paÍs",37,0.23
2004,"Jocotán",66379,"En otro paÍs",67,0.1
2005,"Camotán",56138,"En otro paÍs",255,0.45
2006,"Olopa",27511,"En otro paÍs",76,0.28
2007,"Esquipulas",53556,"En otro paÍs",2189,4.09
2008,"Concepción las Minas",11693,"En otro paÍs",166,1.42
2009,"Quezaltepeque",28075,"En otro paÍs",137,0.49
2010,"San Jacinto",12619,"En otro paÍs",30,0.24
2011,"Ipala",22413,"En otro paÍs",227,1.01
2101,"Jalapa",159840,"En otro paÍs",510,0.32
2102,"San Pedro Pinula",61908,"En otro paÍs",57,0.09
2103,"San Luis Jilotepeque",24679,"En otro paÍs",111,0.45
2104,"San Manuel Chaparrón",8317,"En otro paÍs",32,0.38
2105,"San Carlos Alzatate",18977,"En otro paÍs",5,0.03
2106,"Monjas",27354,"En otro paÍs",180,0.66
2107,"Mataquescuintla",41848,"En otro paÍs",96,0.23
2201,"Jutiapa",145880,"En otro paÍs",500,0.34
2202,"El Progreso",22114,"En otro paÍs",287,1.3
2203,"Santa Catarina Mita",28983,"En otro paÍs",269,0.93
2204,"Agua Blanca",16353,"En otro paÍs",176,1.08
2205,"Asunción Mita",48297,"En otro paÍs",1068,2.21
2206,"Yupiltepeque",17389,"En otro paÍs",47,0.27
2207,"Atescatempa",18402,"En otro paÍs",457,2.48
2208,"Jerez",6309,"En otro paÍs",301,4.77
2209,"El Adelanto",6500,"En otro paÍs",17,0.26
2210,"Zapotitlán",9126,"En otro paÍs",63,0.69
2211,"Comapa",32207,"En otro paÍs",221,0.69
2212,"Jalpatagua",28832,"En otro paÍs",383,1.33
2213,"Conguaco",23452,"En otro paÍs",61,0.26
2214,"Moyuta",39781,"En otro paÍs",340,0.85
2215,"Pasaco",8854,"En otro paÍs",77,0.87
2216,"San José Acatempa",13206,"En otro paÍs",35,0.27
2217,"Quesada",22710,"En otro paÍs",84,0.37
101,"Guatemala",923392,"No especificado",14301,1.55
102,"Santa Catarina Pinula",80582,"No especificado",1660,2.06
103,"San José Pinula",79844,"No especificado",1192,1.49
104,"San José del Golfo",7229,"No especificado",98,1.36
105,"Palencia",70973,"No especificado",815,1.15
106,"Chinautla",114752,"No especificado",1545,1.35
107,"San Pedro Ayampuc",58609,"No especificado",949,1.62
108,"Mixco",465773,"No especificado",8594,1.85
109,"San Pedro Sacatepéquez",51292,"No especificado",446,0.87
110,"San Juan Sacatepéquez",218156,"No especificado",5954,2.73
111,"San Raymundo",31605,"No especificado",303,0.96
112,"Chuarrancho",12638,"No especificado",131,1.04
113,"Fraijanes",58922,"No especificado",947,1.61
114,"Amatitlán",116711,"No especificado",1891,1.62
115,"Villa Nueva",433734,"No especificado",9572,2.21
116,"Villa Canales",155422,"No especificado",3089,1.99
117,"San Miguel Petapa",135447,"No especificado",3121,2.3
201,"Guastatoya",24821,"No especificado",934,3.76
202,"Morazán",12164,"No especificado",248,2.04
203,"San Agustín Acasaguastlán",45765,"No especificado",1571,3.43
204,"San Cristóbal Acasaguastlán",7199,"No especificado",268,3.72
205,"El Jícaro",13128,"No especificado",396,3.02
206,"Sansare",13154,"No especificado",224,1.7
207,"Sanarate",39444,"No especificado",1447,3.67
208,"San Antonio la Paz",20957,"No especificado",502,2.4
301,"Antigua Guatemala",46054,"No especificado",1092,2.37
302,"Jocotenango",21657,"No especificado",330,1.52
303,"Pastores",17814,"No especificado",317,1.78
304,"Sumpango",37260,"No especificado",1478,3.97
305,"Santo Domingo Xenacoj",12402,"No especificado",183,1.48
306,"Santiago Sacatepéquez",29238,"No especificado",451,1.54
307,"San Bartolomé Milpas Altas",7816,"No especificado",39,0.5
308,"San Lucas Sacatepéquez",23369,"No especificado",474,2.03
309,"Santa Lucía Milpas Altas",15570,"No especificado",317,2.04
310,"Magdalena Milpas Altas",11856,"No especificado",149,1.26
311,"Santa María de Jesús",21938,"No especificado",201,0.92
312,"Ciudad Vieja",33405,"No especificado",879,2.63
313,"San Miguel Dueñas",12696,"No especificado",141,1.11
314,"San Juan Alotenango",23986,"No especificado",400,1.67
315,"San Antonio Aguas Calientes",11347,"No especificado",121,1.07
316,"Santa Catarina Barahona",4061,"No especificado",38,0.94
401,"Chimaltenango",96985,"No especificado",1574,1.62
402,"San José Poaquil",26845,"No especificado",133,0.5
403,"San Martín Jilotepeque",73469,"No especificado",658,0.9
404,"San Juan Comalapa",48597,"No especificado",511,1.05
405,"Santa Apolonia",18540,"No especificado",145,0.78
406,"Tecpán Guatemala",91927,"No especificado",671,0.73
407,"Patzún",58240,"No especificado",627,1.08
408,"San Miguel Pochuta",8790,"No especificado",65,0.74
409,"Patzicía",33207,"No especificado",380,1.14
410,"Santa Cruz Balanyá",9479,"No especificado",72,0.76
411,"Acatenango",23228,"No especificado",292,1.26
412,"San Pedro Yepocapa",34948,"No especificado",432,1.24
413,"San Andrés Itzapa",32083,"No especificado",398,1.24
414,"Parramos",15924,"No especificado",245,1.54
415,"Zaragoza",24022,"No especificado",303,1.26
416,"El Tejar",19492,"No especificado",355,1.82
501,"Escuintla",156313,"No especificado",3514,2.25
502,"Santa Lucía Cotzumalguapa",112780,"No especificado",3034,2.69
503,"La Democracia",23017,"No especificado",248,1.08
504,"Siquinalá",22968,"No especificado",467,2.03
505,"Masagua",45323,"No especificado",923,2.04
506,"Tiquisate",57292,"No especificado",806,1.41
507,"La Gomera",46666,"No especificado",827,1.77
508,"Guanagazapa",15958,"No especificado",184,1.15
509,"San José",62801,"No especificado",1120,1.78
510,"Iztapa",18342,"No especificado",204,1.11
511,"Palín",65873,"No especificado",1129,1.71
512,"San Vicente Pacaya",16705,"No especificado",176,1.05
513,"Nueva Concepción",72909,"No especificado",738,1.01
514,"Sipacate",16234,"No especificado",267,1.64
601,"Cuilapa",41359,"No especificado",635,1.54
602,"Barberena",58276,"No especificado",732,1.26
603,"Santa Rosa de Lima",19702,"No especificado",219,1.11
604,"Casillas",24956,"No especificado",203,0.81
605,"San Rafael las Flores",12641,"No especificado",124,0.98
606,"Oratorio",24954,"No especificado",177,0.71
607,"San Juan Tecuaco",10122,"No especificado",76,0.75
608,"Chiquimulilla",53727,"No especificado",627,1.17
609,"Taxisco",29846,"No especificado",361,1.21
610,"Santa María Ixhuatán",23801,"No especificado",226,0.95
611,"Guazacapán",18855,"No especificado",158,0.84
612,"Santa Cruz Naranjo",16385,"No especificado",152,0.93
613,"Pueblo Nuevo Viñas",25529,"No especificado",286,1.12
614,"Nueva Santa Rosa",36454,"No especificado",256,0.7
701,"Sololá",88612,"No especificado",1097,1.24
702,"San José Chacayá",4068,"No especificado",55,1.35
703,"Santa María Visitación",2370,"No especificado",14,0.59
704,"Santa Lucía Utatlán",21284,"No especificado",168,0.79
705,"Nahualá",75430,"No especificado",624,0.83
706,"Santa Catarina Ixtahuacán",56981,"No especificado",819,1.44
707,"Santa Clara la Laguna",9405,"No especificado",71,0.75
708,"Concepción",6601,"No especificado",84,1.27
709,"San Andrés Semetabaj",13142,"No especificado",152,1.16
710,"Panajachel",15077,"No especificado",116,0.77
711,"Santa Catarina Palopó",3924,"No especificado",63,1.61
712,"San Antonio Palopó",14437,"No especificado",132,0.91
713,"San Lucas Tolimán",29772,"No especificado",283,0.95
714,"Santa Cruz la Laguna",5820,"No especificado",46,0.79
715,"San Pablo la Laguna",7299,"No especificado",69,0.95
716,"San Marcos la Laguna",2617,"No especificado",22,0.84
717,"San Juan la Laguna",12162,"No especificado",260,2.14
718,"San Pedro la Laguna",10705,"No especificado",95,0.89
719,"Santiago Atitlán",41877,"No especificado",553,1.32
801,"Totonicapán",103952,"No especificado",1264,1.22
802,"San Cristóbal Totonicapán",36119,"No especificado",2131,5.9
803,"San Francisco el Alto",57894,"No especificado",3548,6.13
804,"San Andrés Xecul",26984,"No especificado",500,1.85
805,"Momostenango",105617,"No especificado",2479,2.35
806,"Santa María Chiquimula",55013,"No especificado",790,1.44
807,"Santa Lucía la Reforma",22378,"No especificado",241,1.08
808,"San Bartolo Aguas Calientes",10612,"No especificado",177,1.67
901,"Quetzaltenango",180706,"No especificado",3393,1.88
902,"Salcajá",19434,"No especificado",191,0.98
903,"San Juan Olintepeque",35060,"No especificado",336,0.96
904,"San Carlos Sija",30224,"No especificado",461,1.53
905,"Sibilia",8407,"No especificado",68,0.81
906,"Cabricán",23033,"No especificado",284,1.23
907,"Cajolá",14948,"No especificado",109,0.73
908,"San Miguel Siguilá",7889,"No especificado",49,0.62
909,"San Juan Ostuncalco",51828,"No especificado",1762,3.4
910,"San Mateo",7895,"No especificado",104,1.32
911,"Concepción Chiquirichapa",17342,"No especificado",244,1.41
912,"San Martín Sacatepéquez",29373,"No especificado",204,0.69
913,"Almolonga",15724,"No especificado",244,1.55
914,"Cantel",42142,"No especificado",427,1.01
915,"Huitán",13450,"No especificado",88,0.65
916,"Zunil",14118,"No especificado",124,0.88
917,"Colomba Costa Cuca",47544,"No especificado",595,1.25
918,"San Francisco la Unión",7939,"No especificado",47,0.59
919,"El Palmar",29132,"No especificado",360,1.24
920,"Coatepeque",105415,"No especificado",2202,2.09
921,"Génova",37497,"No especificado",462,1.23
922,"Flores Costa Cuca",21630,"No especificado",282,1.3
923,"La Esperanza",22166,"No especificado",482,2.17
924,"Palestina de los Altos",16205,"No especificado",100,0.62
1001,"Mazatenango",77431,"No especificado",1321,1.71
1002,"Cuyotenango",33436,"No especificado",315,0.94
1003,"San Francisco Zapotitlán",22533,"No especificado",218,0.97
1004,"San Bernardino",15849,"No especificado",198,1.25
1005,"San José el Ídolo",10212,"No especificado",196,1.92
1006,"Santo Domingo Suchitepéquez",42291,"No especificado",572,1.35
1007,"San Lorenzo",13282,"No especificado",74,0.56
1008,"Samayac",24790,"No especificado",359,1.45
1009,"San Pablo Jocopilas",20433,"No especificado",219,1.07
1010,"San Antonio Suchitepéquez",59184,"No especificado",714,1.21
1011,"San Miguel Panán",10320,"No especificado",73,0.71
1012,"San Gabriel",7383,"No especificado",108,1.46
1013,"Chicacao",60735,"No especificado",609,1
1014,"Patulul",40683,"No especificado",362,0.89
1015,"Santa Bárbara",26346,"No especificado",276,1.05
1016,"San Juan Bautista",7826,"No especificado",76,0.97
1017,"Santo Tomas la Unión",11698,"No especificado",95,0.81
1018,"Zunilito",8280,"No especificado",44,0.53
1019,"Pueblo Nuevo",11315,"No especificado",128,1.13
1020,"Río Bravo",27606,"No especificado",228,0.83
1021,"San José La Máquina",23062,"No especificado",151,0.65
1101,"Retalhuleu",90505,"No especificado",1076,1.19
1102,"San Sebastián",29167,"No especificado",563,1.93
1103,"Santa Cruz Muluá",13545,"No especificado",227,1.68
1104,"San Martín Zapotitlán",12083,"No especificado",58,0.48
1105,"San Felipe",24446,"No especificado",217,0.89
1106,"San Andrés Villa Seca",47820,"No especificado",624,1.3
1107,"Champerico",32815,"No especificado",461,1.4
1108,"Nuevo San Carlos",39565,"No especificado",347,0.88
1109,"El Asintal",36882,"No especificado",472,1.28
1201,"San Marcos",47063,"No especificado",713,1.51
1202,"San Pedro Sacatepéquez",79158,"No especificado",1207,1.52
1203,"San Antonio Sacatepéquez",19100,"No especificado",176,0.92
1204,"Comitancillo",59489,"No especificado",858,1.44
1205,"San Miguel Ixtahuacán",47301,"No especificado",512,1.08
1206,"Concepción Tutuapa",68148,"No especificado",1305,1.91
1207,"Tacaná",75788,"No especificado",1135,1.5
1208,"Sibinal",15733,"No especificado",173,1.1
1209,"Tajumulco",50907,"No especificado",1339,2.63
1210,"Tejutla",38669,"No especificado",510,1.32
1211,"San Rafael Pie de la Cuesta",17139,"No especificado",205,1.2
1212,"Nuevo Progreso",30067,"No especificado",332,1.1
1213,"El Tumbador",44395,"No especificado",663,1.49
1214,"San José el Rodeo",17881,"No especificado",226,1.26
1215,"Malacatán",92816,"No especificado",2045,2.2
1216,"Catarina",30014,"No especificado",348,1.16
1217,"Ayutla",37049,"No especificado",492,1.33
1218,"Ocós",10841,"No especificado",124,1.14
1219,"San Pablo",48937,"No especificado",546,1.12
1220,"El Quetzal",23511,"No especificado",217,0.92
1221,"La Reforma",17918,"No especificado",100,0.56
1222,"Pajapita",21725,"No especificado",168,0.77
1223,"Ixchiguán",22375,"No especificado",637,2.85
1224,"San José Ojetenam",19009,"No especificado",411,2.16
1225,"San Cristóbal Cucho",16619,"No especificado",181,1.09
1226,"Sipacapa",20178,"No especificado",282,1.4
1227,"Esquipulas Palo Gordo",12892,"No especificado",124,0.96
1228,"Río Blanco",5318,"No especificado",42,0.79
1229,"San Lorenzo",13125,"No especificado",228,1.74
1230,"La Blanca",29112,"No especificado",258,0.89
1301,"Huehuetenango",117818,"No especificado",1108,0.94
1302,"Chiantla",87447,"No especificado",1144,1.31
1303,"Malacatancito",19155,"No especificado",185,0.97
1304,"Cuilco",60395,"No especificado",808,1.34
1305,"Nentón",45679,"No especificado",786,1.72
1306,"San Pedro Necta",38510,"No especificado",360,0.93
1307,"Jacaltenango",37171,"No especificado",422,1.14
1308,"San Pedro Soloma",49030,"No especificado",824,1.68
1309,"San Ildefonso Ixtahuacán",44424,"No especificado",405,0.91
1310,"Santa Bárbara",33608,"No especificado",663,1.97
1311,"La Libertad",38234,"No especificado",800,2.09
1312,"La Democracia",55434,"No especificado",1198,2.16
1313,"San Miguel Acatán",27128,"No especificado",283,1.04
1314,"San Rafael La Independencia",14149,"No especificado",134,0.95
1315,"Todos Santos Cuchumatán",30186,"No especificado",447,1.48
1316,"San Juan Atitán",19418,"No especificado",170,0.88
1317,"Santa Eulalia",39025,"No especificado",1175,3.01
1318,"San Mateo Ixtatán",43810,"No especificado",518,1.18
1319,"Colotenango",34834,"No especificado",314,0.9
1320,"San Sebastián Huehuetenango",32608,"No especificado",388,1.19
1321,"Tectitán",10830,"No especificado",210,1.94
1322,"Concepción Huista",18915,"No especificado",210,1.11
1323,"San Juan Ixcoy",23204,"No especificado",388,1.67
1324,"San Antonio Huista",16697,"No especificado",167,1
1325,"San Sebastián Coatán",20905,"No especificado",283,1.35
1326,"Santa Cruz Barillas",100849,"No especificado",1483,1.47
1327,"Aguacatán",49607,"No especificado",421,0.85
1328,"San Rafael Petzal",11271,"No especificado",156,1.38
1329,"San Gaspar Ixchil",8142,"No especificado",83,1.02
1330,"Santiago Chimaltenango",10507,"No especificado",129,1.23
1331,"Santa Ana Huista",9413,"No especificado",143,1.52
1332,"Unión Cantinil",15900,"No especificado",264,1.66
1333,"Petatán",6366,"No especificado",37,0.58
1401,"Santa Cruz del Quiché",78279,"No especificado",3120,3.99
1402,"Chiché",29646,"No especificado",246,0.83
1403,"Chinique",11382,"No especificado",133,1.17
1404,"Zacualpa",32750,"No especificado",493,1.51
1405,"Chajul",46658,"No especificado",459,0.98
1406,"Santo Tomás Chichicastenango",141567,"No especificado",1932,1.36
1407,"Patzité",6144,"No especificado",128,2.08
1408,"San Antonio Ilotenango",25590,"No especificado",251,0.98
1409,"San Pedro Jocopilas",31950,"No especificado",958,3
1410,"Cunén",41455,"No especificado",568,1.37
1411,"San Juan Cotzal",31532,"No especificado",297,0.94
1412,"Joyabaj",82369,"No especificado",1460,1.77
1413,"Santa María Nebaj",72686,"No especificado",1000,1.38
1414,"San Andrés Sajcabajá",24981,"No especificado",615,2.46
1415,"San Miguel Uspantán",65872,"No especificado",778,1.18
1416,"Sacapulas",52620,"No especificado",630,1.2
1417,"San Bartolomé Jocotenango",13568,"No especificado",110,0.81
1418,"Canillá",12172,"No especificado",359,2.95
1419,"Chicamán",39731,"No especificado",459,1.16
1420,"Playa Grande Ixcán",99470,"No especificado",703,0.71
1421,"Pachalum",8839,"No especificado",77,0.87
1501,"Salamá",65275,"No especificado",716,1.1
1502,"San Miguel Chicaj",33121,"No especificado",289,0.87
1503,"Rabinal",40797,"No especificado",238,0.58
1504,"Cubulco",54869,"No especificado",493,0.9
1505,"Granados",13595,"No especificado",197,1.45
1506,"Santa Cruz El Chol",9538,"No especificado",66,0.69
1507,"San Jerónimo",25459,"No especificado",294,1.15
1508,"Purulhá",56822,"No especificado",562,0.99
1601,"Cobán",212421,"No especificado",2257,1.06
1602,"Santa Cruz Verapaz",32042,"No especificado",220,0.69
1603,"San Cristóbal Verapaz",68819,"No especificado",497,0.72
1604,"Tactic",38052,"No especificado",318,0.84
1605,"Tamahú",19984,"No especificado",163,0.82
1606,"San Miguel Tucurú",43473,"No especificado",846,1.95
1607,"Panzós",71846,"No especificado",667,0.93
1608,"Senahú",91974,"No especificado",824,0.9
1609,"San Pedro Carchá",235275,"No especificado",1965,0.84
1610,"San Juan Chamelco",57456,"No especificado",589,1.03
1611,"San Agustín Lanquín",24099,"No especificado",272,1.13
1612,"Santa María Cahabón",64911,"No especificado",1157,1.78
1613,"Chisec",84553,"No especificado",1030,1.22
1614,"Chahal",26644,"No especificado",320,1.2
1615,"Fray Bartolomé de las Casas",66141,"No especificado",512,0.77
1616,"Santa Catalina La Tinta",40516,"No especificado",315,0.78
1617,"Raxruhá",36832,"No especificado",408,1.11
1701,"Flores",38186,"No especificado",538,1.41
1702,"San José",6989,"No especificado",39,0.56
1703,"San Benito",43841,"No especificado",931,2.12
1704,"San Andrés",32878,"No especificado",347,1.06
1705,"La Libertad",71939,"No especificado",913,1.27
1706,"San Francisco",15371,"No especificado",132,0.86
1707,"Santa Ana",21970,"No especificado",497,2.26
1708,"Dolores",26920,"No especificado",522,1.94
1709,"San Luis",67038,"No especificado",668,1
1710,"Sayaxché",93414,"No especificado",832,0.89
1711,"Melchor de Mencos",28238,"No especificado",328,1.16
1712,"Poptún",52282,"No especificado",561,1.07
1713,"Las Cruces",32715,"No especificado",243,0.74
1714,"El Chal",13819,"No especificado",182,1.32
1801,"Puerto Barrios",100593,"No especificado",2060,2.05
1802,"Livingston",73492,"No especificado",1075,1.46
1803,"El Estor",73328,"No especificado",640,0.87
1804,"Morales",100361,"No especificado",1054,1.05
1805,"Los Amates",60914,"No especificado",1004,1.65
1901,"Zacapa",60424,"No especificado",1878,3.11
1902,"Estanzuela",9797,"No especificado",299,3.05
1903,"Río Hondo",21434,"No especificado",632,2.95
1904,"Gualán",45663,"No especificado",1991,4.36
1905,"Teculután",17602,"No especificado",619,3.52
1906,"Usumatlán",12232,"No especificado",302,2.47
1907,"Cabañas",13641,"No especificado",292,2.14
1908,"San Diego",7235,"No especificado",260,3.59
1909,"La Unión",33572,"No especificado",725,2.16
1910,"Huité",11470,"No especificado",187,1.63
1911,"San Jorge",12304,"No especificado",311,2.53
2001,"Chiquimula",111505,"No especificado",2672,2.4
2002,"San José la Arada",8756,"No especificado",151,1.72
2003,"San Juan Ermita",16418,"No especificado",216,1.32
2004,"Jocotán",66379,"No especificado",1181,1.78
2005,"Camotán",56138,"No especificado",1047,1.87
2006,"Olopa",27511,"No especificado",348,1.26
2007,"Esquipulas",53556,"No especificado",896,1.67
2008,"Concepción las Minas",11693,"No especificado",478,4.09
2009,"Quezaltepeque",28075,"No especificado",449,1.6
2010,"San Jacinto",12619,"No especificado",148,1.17
2011,"Ipala",22413,"No especificado",473,2.11
2101,"Jalapa",159840,"No especificado",1785,1.12
2102,"San Pedro Pinula",61908,"No especificado",645,1.04
2103,"San Luis Jilotepeque",24679,"No especificado",191,0.77
2104,"San Manuel Chaparrón",8317,"No especificado",81,0.97
2105,"San Carlos Alzatate",18977,"No especificado",170,0.9
2106,"Monjas",27354,"No especificado",405,1.48
2107,"Mataquescuintla",41848,"No especificado",419,1
2201,"Jutiapa",145880,"No especificado",2368,1.62
2202,"El Progreso",22114,"No especificado",350,1.58
2203,"Santa Catarina Mita",28983,"No especificado",290,1
2204,"Agua Blanca",16353,"No especificado",172,1.05
2205,"Asunción Mita",48297,"No especificado",536,1.11
2206,"Yupiltepeque",17389,"No especificado",153,0.88
2207,"Atescatempa",18402,"No especificado",271,1.47
2208,"Jerez",6309,"No especificado",34,0.54
2209,"El Adelanto",6500,"No especificado",32,0.49
2210,"Zapotitlán",9126,"No especificado",110,1.21
2211,"Comapa",32207,"No especificado",496,1.54
2212,"Jalpatagua",28832,"No especificado",477,1.65
2213,"Conguaco",23452,"No especificado",202,0.86
2214,"Moyuta",39781,"No especificado",706,1.77
2215,"Pasaco",8854,"No especificado",102,1.15
2216,"San José Acatempa",13206,"No especificado",125,0.95
2217,"Quesada",22710,"No especificado",206,0.91
